Local authorities code,Local authorities,Region,Hours worked  Does not apply,Hours worked Parttime 15 hrs or less,Hours worked Parttime 16 to 30 hrs,Hours worked Fulltime 31 to 48 hrs,Hours worked Fulltime 49 or more hrs,Distance travelled Does not apply,Distance travelled Less than 2km,Distance travelled 2km to less than 5km,Distance travelled 5km to less than 10km,Distance travelled 10km to less than 20km,Distance travelled 20km to less than 30km,Distance travelled 30km to less than 40km,Distance travelled 40km to less than 60km,Distance travelled 60km and over,Distance travelled Works mainly from home,Distance travelled Works in no fixed place,Method of travel Work from home,Method of travel Light rail,Method of travel Train,Method of travel Bus,Method of travel Taxi,Method of travel Motorcycle,Method of travel Driving,Method of travel Passenger in a car,Method of travel Bicycle,Method of travel On foot,Method of travel Other ,Method of travel Not in employment,Working from home number,Working from home percent
E07000223,Adur,South East,34719,3437,6764,16875,2749,34719,3313,3396,3961,2516,747,525,223,343,9266,5533,9266,15,839,925,70,234,14254,1079,892,1938,313,34719,9266,31.1
E07000026,Allerdale,North West,51919,4483,9575,25309,4868,51919,5985,3411,3677,5773,4863,1675,1354,646,10757,6095,10757,17,196,992,92,129,24859,2036,407,4328,422,51919,10757,24.3
E07000032,Amber Valley,East Midlands,66035,5916,11784,36026,6445,66035,6638,6676,8061,10542,2649,636,479,770,15225,8494,15225,27,201,1458,153,313,35212,2430,543,4180,429,66035,15225,25.3
E07000224,Arun,South East,91698,9099,15675,40561,7856,91698,8933,7825,11074,8047,2805,1256,1229,1252,18060,12710,18060,52,1270,1264,216,380,39949,3823,2014,5342,820,91698,18060,24.7
E07000170,Ashfield,East Midlands,67870,4786,11451,36725,5468,67870,7139,9309,9679,7595,2454,785,492,787,11460,8731,11460,545,258,1724,419,275,35311,3005,841,4070,524,67870,11460,19.6
E07000105,Ashford,South East,69132,6754,11838,36702,8321,69132,7209,9105,3845,5100,3927,1822,981,2081,19120,10425,19120,83,1575,1177,152,221,32389,2552,1186,4533,626,69132,19120,30.1
E07000200,Babergh,Eastern,49384,5421,8912,23369,5255,49384,4413,2815,3658,5859,3079,1103,677,893,13171,7289,13171,32,347,282,73,184,23542,1407,499,3055,368,49384,13171,30.7
E09000002,Barking and Dagenham,London,124280,10801,20086,55490,8211,124280,6478,11954,11182,16820,4677,1056,594,1032,19572,21224,19572,15301,8660,9690,542,599,30732,2392,1218,4464,1416,124280,19572,20.7
E09000003,Barnet,London,203170,23760,35920,101785,24710,203170,12676,15501,23510,22122,2294,795,619,1162,79628,27869,79628,20758,4690,15090,872,1197,46797,3169,2162,9361,2451,203170,79628,42.8
E08000016,Barnsley,Yorkshire and The Humber,132892,9142,22850,68527,11161,132892,11844,15670,17395,16906,5746,1353,714,1291,22340,18422,22340,37,904,4733,699,432,66305,6962,738,7575,956,132892,22340,20.0
E07000027,Barrow-in-Furness,North West,36224,2666,6593,19866,2058,36224,8054,7550,3033,1341,382,655,202,442,6051,3475,6051,5,250,937,387,366,15685,1755,1030,4403,313,36224,6051,19.4
E07000066,Basildon,East of England,98560,9070,15966,53719,10256,98560,8912,9992,8179,8729,3633,3501,2303,703,27225,15835,27225,707,4967,1846,802,386,41731,3818,1057,5498,976,98560,27225,30.6
E07000084,Basingstoke and Deane,South East,88181,8743,15390,62171,10669,88181,10872,11058,6910,8173,4614,1616,1927,1681,38057,12065,38057,58,1396,2156,367,358,41928,3447,1394,7036,776,88181,38057,39.2
E07000171,Bassetlaw,East Midlands,62889,5143,11315,32043,6416,62889,7640,6616,5211,8441,4629,1743,1051,956,10741,7890,10741,25,268,694,170,240,33983,3148,1035,4144,468,62889,10741,19.6
E06000022,Bath and North East Somerset,South West,103597,12067,18817,49585,9343,103597,11461,9827,6889,10850,2385,480,600,1154,34611,11555,34611,62,629,3063,235,522,35753,2637,1713,9848,742,103597,34611,38.5
E06000055,Bedford,East of England,94360,8812,16011,55968,10074,94360,10705,13721,6940,8223,5287,1577,1312,2195,28568,12336,28568,106,1352,1782,1102,356,42890,4403,2529,6935,842,94360,28568,31.4
E09000004,Bexley,London,128489,11593,20988,73640,11764,128489,7959,13246,13754,15404,4488,1014,591,835,40692,20001,40692,2838,12164,7763,688,767,42503,2919,995,5258,1396,128489,40692,34.5
E08000025,Birmingham,West Midlands,702501,49418,96764,261443,34793,702501,44638,72746,77482,43586,11183,4907,3655,7021,114058,63142,114058,977,9220,43123,6673,1118,202963,21557,5741,31483,5505,702501,114058,25.8
E07000129,Blaby,East Midlands,51480,4611,9952,31671,5212,51480,3569,6593,8760,5410,1665,816,769,535,15526,7803,15526,23,134,998,196,185,28981,1968,881,2181,373,51480,15526,30.2
E06000008,Blackburn with Darwen,North West,91181,5863,14711,38715,4268,91181,11599,12471,6232,7746,2238,1191,475,551,12388,8667,12388,32,522,1568,2120,196,35313,4279,445,6018,677,91181,12388,19.5
E06000009,Blackpool,North West,81674,6223,13422,34638,5079,81674,11208,13447,6795,2456,1705,539,497,828,12013,9874,12013,262,321,3381,948,333,29376,3481,1375,7004,868,81674,12013,20.2
W06000019,Blaenau Gwent,Wales,38105,1946,5641,18817,2395,38105,3488,4271,3603,5359,2106,852,618,437,4036,4030,4036,8,137,437,142,113,19735,2129,118,1746,198,38105,4036,14.0
E07000033,Bolsover,East Midlands,42173,3137,7497,23380,4086,42173,4217,3700,6307,6866,2310,941,590,584,6884,5701,6884,17,135,865,195,193,24349,2161,250,2714,337,42173,6884,18.1
E08000001,Bolton,North West,170525,11725,27750,75764,10199,170525,15111,20309,17711,14225,5699,1002,593,1106,29568,20113,29568,181,1618,4778,2583,425,67803,6830,1057,9226,1370,170525,29568,23.6
E07000136,Boston,East Midlands,36871,2729,6652,19918,4332,36871,6152,4610,3463,4954,3263,717,907,647,3558,5360,3558,27,77,522,166,143,20491,4154,1408,2748,337,36871,3558,10.6
E06000058,"Bournemouth, Christchurch and Poole",South West,214164,21877,38598,107607,17950,214164,23231,33408,24931,11865,1925,2079,2012,2659,55150,28772,55150,133,1030,8312,574,1492,89083,6898,5984,15391,1985,214164,55150,29.6
E06000036,Bracknell Forest,South East,58210,5918,10654,42029,7796,58210,5819,6347,6070,7146,2908,875,848,518,26512,9358,26512,68,976,733,242,287,30194,2160,912,3755,557,58210,26512,39.9
E08000032,Bradford,Yorkshire and The Humber,325274,21924,52883,129284,17046,325274,28842,38445,30777,24935,5737,1476,1581,1952,55396,31998,55396,131,4160,10377,5915,527,109677,12631,1525,18230,2568,325274,55396,25.1
E07000067,Braintree,East of England,78984,8594,14371,43700,9619,78984,7697,4934,5478,10634,5481,2302,2764,1500,21933,13561,21933,137,1698,847,224,295,41638,2798,792,5241,682,78984,21933,28.8
E07000143,Breckland,Eastern,75838,7119,12862,36910,8747,75838,8792,3994,4348,10063,6965,2911,1780,1281,14404,11100,14404,23,214,732,171,313,39172,3136,1188,5575,711,75838,14404,21.9
E09000005,Brent,London,178819,18564,30956,93506,17971,178819,13873,23212,23900,16535,2057,623,566,1478,48987,29763,48987,24200,8267,21439,886,1801,34917,3220,4074,11000,2206,178819,48987,30.4
E07000068,Brentwood,East of England,39146,4223,6165,21744,5771,39146,2458,2017,2615,4102,2386,1644,302,259,16784,5335,16784,539,2471,370,178,131,14189,867,178,1815,379,39146,16784,44.3
W06000013,Bridgend,Wales,81504,5055,12787,40185,5957,81504,7612,7547,7999,8991,4823,2252,626,941,14375,8819,14375,24,655,939,355,225,39608,3131,380,3776,516,81504,14375,22.5
E06000043,Brighton and Hove,South East,137812,18422,28832,79077,12960,137812,19822,19503,7872,6569,2111,1988,908,2807,59495,18218,59495,158,3539,9946,539,931,34893,3085,5282,19855,1567,137812,59495,42.7
E06000023,Bristol,South West,233955,24727,46279,147056,20448,233955,30808,42525,25277,11434,1827,1514,1730,2561,92026,28808,92026,115,1650,14617,999,1545,78915,7329,12466,26730,2120,233955,92026,38.6
E07000144,Broadland,Eastern,69132,7120,13671,35015,6783,69132,4389,6771,9343,8164,2512,921,517,771,18934,10267,18934,30,164,1220,165,394,34889,1961,1422,2716,695,69132,18934,30.3
E09000006,Bromley,London,167869,16708,27359,97180,20875,167869,9359,13633,15786,19654,4464,1046,495,841,75511,21333,75511,3146,15214,8069,593,966,45304,2852,1784,7029,1654,167869,75511,46.6
E07000234,Bromsgrove,West Midlands,51896,4780,9234,27520,5753,51896,3416,3415,5325,8348,2402,668,367,515,16436,6395,16436,23,647,370,180,119,25194,1505,287,2178,348,51896,16436,34.8
E07000095,Broxbourne,East of England,50701,5104,9143,28778,5281,50701,4519,4051,5772,6216,3297,649,329,251,14218,9004,14218,977,2608,997,314,234,23586,1613,518,2686,554,50701,14218,29.4
E07000172,Broxtowe,East Midlands,59024,4985,10317,31844,4768,59024,4631,7023,8234,5545,1078,549,317,755,17302,6482,17302,725,244,1993,176,211,24367,1755,1341,3378,426,59024,17302,33.3
E06000060,Buckinghamshire,South East,279842,30598,47499,157932,37207,279842,22831,20522,20961,25735,15610,8216,7128,2716,112181,37336,112181,1917,4044,3830,1635,892,119924,8242,2218,15888,2465,279842,112181,41.1
E07000117,Burnley,North West,54612,3348,8506,25374,2806,54612,7291,7492,5092,4692,1298,900,359,324,6738,5850,6738,16,193,1631,1143,112,22418,2568,403,4434,376,54612,6738,16.8
E08000002,Bury,North West,105369,8126,18005,54514,7838,105369,9801,11859,13467,10454,2261,618,580,737,26579,12127,26579,2163,250,2864,1156,236,43946,3575,928,5907,879,105369,26579,30.0
W06000018,Caerphilly,Wales,98513,5540,15112,50176,6610,98513,7881,8955,11158,13894,3622,854,777,890,18473,10933,18473,17,1190,1680,360,288,46223,4229,394,4038,547,98513,18473,23.9
E08000033,Calderdale,Yorkshire and The Humber,113250,9199,19957,55532,8693,113250,11434,13584,12785,9424,3282,1098,592,803,27280,13099,27280,49,1158,3740,1110,286,46448,4332,665,7430,887,113250,27280,29.2
E07000008,Cambridge,East of England,75076,7812,10913,43695,8179,75076,10723,12729,3283,2145,1157,542,1179,1298,32113,5429,32113,85,806,2515,423,373,13485,1530,11836,6858,572,75076,32113,45.5
E09000007,Camden,London,107625,11879,15126,55453,20053,107625,9572,11530,9350,2928,562,192,247,593,58110,9429,58110,10351,2852,6532,733,546,7074,510,3993,10620,1190,107625,58110,56.7
E07000192,Cannock Chase,West Midlands,51642,4216,9390,29813,5458,51642,5534,6005,5248,8416,3239,1069,474,517,9529,8846,9529,7,421,591,266,220,31258,2737,432,3035,381,51642,9529,19.5
E07000106,Canterbury,South East,91265,9225,13838,35357,7744,91265,8881,5781,7221,5817,3654,1238,1114,2154,20109,10193,20109,105,1537,1906,210,259,30603,2493,1105,7145,693,91265,20109,30.4
W06000015,Cardiff,Wales,201869,17027,32351,97640,13420,201869,19755,26481,19571,8995,3865,1831,1643,2220,57855,18223,57855,101,1962,7568,1018,453,64333,5581,4664,15381,1523,201869,57855,36.1
E07000028,Carlisle,North West,57074,5211,11750,29990,5999,57074,10225,11049,5106,3934,1684,915,883,1208,10187,7759,10187,19,195,1791,200,146,29906,2449,1188,6347,521,57074,10187,19.2
W06000010,Carmarthenshire,Wales,105946,7197,17581,46871,10302,105946,9864,7382,6726,13855,6504,2072,1824,2140,19243,12341,19243,39,361,879,304,241,50785,3790,463,5138,706,105946,19243,23.5
E07000069,Castle Point,Eastern,48581,4575,8095,23564,4772,48581,3558,3758,5436,3174,1929,894,1699,328,11672,8558,11672,122,1839,808,165,203,21646,1536,422,2142,455,48581,11672,28.5
E06000056,Central Bedfordshire,East of England,143175,14636,25790,92934,17718,143175,13038,10108,12142,19692,9078,4511,4655,2345,52153,23355,52153,205,3042,1560,373,470,76820,4976,1505,8754,1219,143175,52153,34.5
W06000008,Ceredigion,Wales,41356,3722,6734,15454,4210,41356,4011,1842,2670,2565,1549,992,992,1165,9524,4809,9524,21,65,394,91,102,15398,1000,269,3007,251,41356,9524,31.6
E07000130,Charnwood,East Midlands,99172,8944,16641,50718,8496,99172,9411,9467,11568,11684,2974,1066,933,1221,25638,10838,25638,57,408,1975,234,307,44097,3163,1940,6274,707,99172,25638,30.2
E07000070,Chelmsford,East of England,91661,9697,16139,52813,11213,91661,8886,9928,5629,7955,4002,2330,3049,715,34522,12845,34522,256,2911,2034,204,341,38282,2574,1725,6231,783,91661,34522,38.4
E07000078,Cheltenham,South West,59679,6458,11696,35580,5423,59679,10013,8993,3363,3833,1626,667,761,943,21711,7246,21711,25,249,1717,118,235,22959,1980,2372,7320,472,59679,21711,36.7
E07000177,Cherwell,South East,76044,7825,14807,52841,9499,76044,12865,8561,5691,8658,5510,2539,1460,1593,27343,10752,27343,41,1027,1887,437,345,39508,3353,2156,8135,737,76044,27343,32.2
E06000049,Cheshire East,North West,206285,19795,35764,114307,22621,206285,22189,18936,18057,23236,9793,4943,2766,2257,67827,22483,67827,98,1630,1328,931,663,93442,7454,3537,13950,1627,206285,67827,35.2
E06000050,Cheshire West and Chester,North West,188062,17164,32873,101055,17996,188062,18552,18110,18546,20348,11155,4243,2421,2141,53184,20388,53184,90,1291,2913,988,669,85824,6624,3399,12543,1562,188062,53184,31.5
E07000034,Chesterfield,East Midlands,56037,4599,10380,28101,4452,56037,6470,8903,5350,5687,1321,956,520,584,10772,6970,10772,19,284,1962,614,204,26580,2439,455,3817,388,56037,10772,22.7
E07000225,Chichester,South East,67702,7926,11612,29448,7379,67702,7063,4276,4436,6003,2642,1177,1185,1196,19385,9001,19385,48,721,656,82,229,26020,1765,1549,5282,629,67702,19385,34.4
E07000118,Chorley,North West,60488,5123,10621,35318,6182,60488,5585,6679,7009,8412,2480,1481,473,524,16580,8019,16580,27,479,889,188,182,31980,2357,634,3465,464,60488,16580,29.0
E09000001,City of London,London,3232,386,499,2760,1706,3232,676,385,241,82,15,7,9,28,3602,303,3602,349,95,132,21,13,124,13,191,758,54,3232,3602,67.3
E07000071,Colchester,Eastern,100700,10351,18113,52560,10992,100700,11653,12856,7877,6132,4522,2251,1370,2917,28165,14272,28165,121,2069,2706,437,456,43618,3329,2274,8004,837,100700,28165,30.6
W06000003,Conwy,Wales,66018,4839,11209,27174,5501,66018,6033,5733,5864,5588,2875,1138,1284,1270,11381,7557,11381,28,291,1441,170,170,28296,1971,540,3895,543,66018,11381,23.4
E07000029,Copeland,North West,36506,2530,5873,19710,2457,36506,3291,3202,3735,6651,1049,359,839,526,7778,3141,7778,14,316,861,120,202,16849,1573,374,2218,266,36506,7778,25.4
E06000052,Cornwall,South West,316058,31272,59540,134022,29413,316058,33604,22542,23409,32388,13148,6075,6157,8463,62832,45627,62832,80,1275,3410,686,1925,142649,10378,2988,25022,3001,316058,62832,24.7
E07000079,Cotswold,South West,46753,5824,8364,23598,6292,46753,4705,1909,2987,4626,3126,1428,840,886,17228,6347,17228,40,157,217,41,149,20099,1377,529,3838,404,46753,17228,39.1
E06000047,County Durham,North East,299853,19900,43468,137147,21703,299853,22726,21150,26460,37877,17289,6310,2178,3280,53014,31932,53014,98,730,7478,1414,585,127527,11802,1607,15713,2252,299853,53014,23.9
E08000026,Coventry,West Midlands,195181,14424,28615,95752,11352,195181,17375,28940,20030,13613,7386,1979,1367,2320,38674,18458,38674,151,1457,10947,2261,475,70234,9844,2817,11501,1782,195181,38674,25.8
E07000163,Craven,Yorkshire and The Humber,29795,3345,5467,14333,3986,29795,3619,1414,2636,2649,1641,984,714,538,8833,4106,8833,14,287,254,63,51,13199,926,217,3061,229,29795,8833,32.6
E07000226,Crawley,South East,59592,6322,11132,36266,5179,59592,6667,10717,5672,5544,1602,1379,1536,467,15903,9411,15903,95,1756,4753,362,268,27783,2546,1070,3643,724,59592,15903,27.0
E09000008,Croydon,London,201312,20311,35258,114645,19191,201312,13941,19863,23782,24188,4639,1006,797,1175,70976,29040,70976,8146,17229,19903,884,1454,52381,3507,2422,10018,2489,201312,70976,37.5
E07000096,Dacorum,East of England,77883,8384,14010,45046,9759,77883,7714,6400,5823,7784,3398,2562,1027,484,30226,11780,30226,279,1640,1042,390,302,34277,2463,605,5279,695,77883,30226,39.2
E06000005,Darlington,North East,58503,4185,9823,30500,4788,58503,8070,9043,3522,4531,3828,524,737,850,11962,6230,11962,18,403,1405,720,122,25487,2742,966,4982,489,58503,11962,24.3
E07000107,Dartford,South East,57930,5210,9915,37138,6559,57930,5077,6882,5740,5828,5010,1190,450,458,18217,9971,18217,475,4573,1963,394,429,26492,1904,532,3262,583,57930,18217,31.0
W06000004,Denbighshire,Wales,54971,3663,9096,23419,4668,54971,5751,3772,5605,4558,3154,1670,987,863,8600,5886,8600,13,236,989,189,159,24399,2032,504,3349,376,54971,8600,21.1
E06000015,Derby,East Midlands,145163,10896,24135,72096,9074,145163,16294,24874,12138,12679,4400,1202,1369,1482,27260,14504,27260,83,537,5982,2065,547,57902,6705,2956,11079,1085,145163,27260,23.5
E07000035,Derbyshire Dales,East Midlands,38312,4380,7204,16633,5011,38312,3375,2077,2675,4481,2451,949,516,412,11376,4915,11376,16,112,316,53,93,16972,1040,302,2655,293,38312,11376,34.2
E08000017,Doncaster,Yorkshire and The Humber,170248,11361,28521,83659,14317,170248,15107,19924,22414,17756,7327,2960,2014,2135,25503,22719,25503,61,1171,6288,1563,433,79823,9293,2475,9796,1452,170248,25503,18.5
E06000059,Dorset,South West,211802,21420,36955,89075,20327,211802,20688,13127,16944,18176,8677,6296,4856,3641,47397,27975,47397,103,731,1888,373,1009,90473,5656,2973,15429,1745,211802,47397,28.2
E07000108,Dover,South East,65484,5631,10533,28511,6251,65484,6324,4147,4550,7953,3701,768,595,1357,12291,9240,12291,52,1023,1100,264,264,27830,2344,674,4462,622,65484,12291,24.1
E08000027,Dudley,West Midlands,178848,13105,29703,88508,13324,178848,15801,26910,24364,16564,3469,1130,889,1396,31434,22683,31434,126,1889,6125,1474,563,85285,7105,1263,8127,1249,178848,31434,21.7
E09000009,Ealing,London,192088,19422,31572,103442,20590,192088,14152,20953,25070,18816,2623,704,687,1218,63137,27663,63137,20319,5788,18840,761,1531,42941,3082,5026,11236,2365,192088,63137,36.1
E07000009,East Cambridgeshire,East of England,43067,4439,8120,26448,5688,43067,3450,2123,4614,5692,4427,1356,571,690,15606,6166,15606,16,894,320,105,173,22735,1473,812,2211,350,43067,15606,34.9
E07000040,East Devon,South West,84101,8359,15195,35143,8030,84101,7615,4981,6794,9873,3355,1484,678,1382,19757,10808,19757,26,540,1159,113,441,34839,2149,1177,5856,671,84101,19757,29.6
E07000085,East Hampshire,South East,64012,7267,11612,34697,8156,64012,5289,2717,5430,7311,4013,1943,1228,1071,23141,9591,23141,42,707,417,99,235,30391,1968,487,3710,534,64012,23141,37.5
E07000242,East Hertfordshire,East of England,73634,8653,13325,44328,10218,73634,6833,4480,6479,8345,3699,2774,1595,421,31278,10623,31278,322,3033,1012,232,211,32231,1821,600,5088,696,73634,31278,40.9
E07000137,East Lindsey,East Midlands,86719,6577,12738,28556,7706,86719,9354,3248,5070,6968,4471,2646,1856,1300,10993,9672,10993,20,83,615,162,235,33094,2317,1193,6224,641,86719,10993,19.8
E06000011,East Riding of Yorkshire,Yorkshire and The Humber,186095,15938,32189,87911,20082,186095,17912,13051,17313,22337,10386,5925,4593,3450,38568,22586,38568,57,782,1936,388,697,89258,6390,4063,12269,1713,186095,38568,24.7
E07000193,East Staffordshire,East Midlands,64701,5484,10958,36028,6848,64701,9355,8494,5984,7604,3595,1567,1047,731,13235,7706,13235,26,223,748,960,286,32945,3384,1346,5615,550,64701,13235,22.3
E07000244,East Suffolk,Eastern,139694,13502,23342,56377,13144,139694,13979,11448,9105,13015,4367,3391,3432,2799,27774,17056,27774,70,512,1237,332,633,58764,3653,3663,8273,1454,139694,27774,26.1
E07000061,Eastbourne,South East,57855,5204,9699,24787,4141,57855,8250,9192,2009,2585,2047,861,491,764,10125,7507,10125,53,1195,1506,418,229,21483,1989,1047,5285,501,57855,10125,23.1
E07000086,Eastleigh,South East,66927,6892,13597,41562,7466,66927,6028,6547,10766,7069,1448,943,706,858,23893,11258,23893,41,853,829,189,421,35345,2351,1148,3829,617,66927,23893,34.4
E07000030,Eden,North West,27400,3418,5666,13443,4808,27400,3851,1402,2182,2921,1942,1192,713,576,7682,4875,7682,13,69,405,44,48,14504,962,236,3062,308,27400,7682,28.1
E07000207,Elmbridge,South East,71774,7819,11146,36120,11897,71774,4145,5395,5673,4922,2850,500,180,320,35983,7013,35983,289,2759,685,138,391,20448,1159,1431,3063,634,71774,35983,53.7
E09000010,Enfield,London,186120,17931,32888,79164,13881,186120,12252,17946,16531,20771,3068,1049,602,1073,44977,25595,44977,12557,7138,15289,819,788,46721,3146,2040,8213,2177,186120,44977,31.3
E07000072,Epping Forest,East of England,69184,7815,11819,37039,9123,69184,3745,3790,6665,9196,3885,1128,404,359,25171,11453,25171,4744,1538,853,467,297,27015,1723,403,2805,778,69184,25171,38.3
E07000208,Epsom and Ewell,South East,41029,4291,6929,23623,5066,41029,3385,4010,3867,3399,1479,242,152,170,17930,5275,17930,347,2144,849,169,352,13636,926,659,2537,362,41029,17930,44.9
E07000036,Erewash,East Midlands,57940,5066,10666,34065,5170,57940,6615,6097,9316,8664,1397,502,372,608,13607,7789,13607,109,241,2157,216,315,30285,2390,1215,3950,482,57940,13607,24.8
E07000041,Exeter,South West,71009,7394,12409,34634,5263,71009,11839,12314,3274,2390,1503,448,773,1101,18285,7773,18285,35,528,2838,208,472,22190,2176,2821,9603,543,71009,18285,30.6
E07000087,Fareham,South East,58882,5688,10652,33204,6087,58882,4823,6727,7411,6224,1303,407,543,827,19206,8160,19206,32,599,501,179,333,28382,1744,1200,2838,618,58882,19206,34.5
E07000010,Fenland,East of England,55357,4219,8570,28284,6035,55357,7230,4130,3695,6212,4581,1863,1050,960,9463,7921,9463,26,294,528,129,218,28166,2708,1457,3654,467,55357,9463,20.1
W06000005,Flintshire,Wales,81142,5865,13953,46993,7009,81142,6520,8775,11970,12964,4291,1639,1004,1310,16269,9081,16269,27,258,1674,356,365,45411,3769,1126,3996,571,81142,16269,22.0
E07000112,Folkestone and Hythe,South East,61939,5399,9761,27109,5549,61939,6157,4587,3275,5644,2947,739,924,1391,13770,8380,13770,40,932,1319,256,198,23922,1932,538,4360,552,61939,13770,28.8
E07000080,Forest of Dean,South West,47014,4698,8248,22316,4728,47014,3724,2433,3894,5778,3401,1296,598,614,11230,7020,11230,10,95,489,34,201,23378,1640,286,2285,341,47014,11230,28.1
E07000119,Fylde,North West,45658,4034,7041,20822,3818,45658,4000,3821,4912,4147,1053,586,533,517,11361,4786,11361,31,176,793,159,116,18312,1312,535,2498,423,45658,11361,31.8
E08000037,Gateshead,North East,108632,7400,18135,54932,7051,108632,9378,14840,15288,9377,1742,441,574,957,23427,11495,23427,1528,391,7201,774,233,40957,4249,1092,6677,990,108632,23427,26.8
E07000173,Gedling,East Midlands,61076,5149,11699,33903,5438,61076,4758,8124,9746,4600,1792,548,403,594,17220,8401,17220,67,173,3572,240,212,28293,1939,747,3229,495,61076,17220,30.6
E07000081,Gloucester,South West,66795,5956,13558,40563,5544,66795,10422,12041,7513,6400,1226,527,1212,878,15908,9492,15908,24,215,2786,194,418,34341,3161,2174,5909,491,66795,15908,24.2
E07000088,Gosport,South East,43468,3585,7635,23135,4131,43468,5381,6902,5920,2511,1104,253,324,725,8865,6499,8865,23,208,1128,223,486,20010,1575,2433,2876,656,43468,8865,23.0
E07000109,Gravesham,South East,57139,4871,9436,29262,6192,57139,4899,4749,5286,6081,2681,2254,684,535,13037,9556,13037,203,2655,1665,224,344,24799,2591,405,3264,574,57139,13037,26.2
E07000145,Great Yarmouth,East of England,58609,4801,9487,22422,4429,58609,6941,6238,3835,3411,2592,1744,1205,942,6813,7418,6813,20,124,1807,209,257,22863,2488,1276,4314,969,58609,6813,16.6
E09000011,Greenwich,London,146134,13717,24120,87019,18081,146134,9067,13805,17879,19159,2135,1090,618,1164,57959,20058,57959,13632,12376,15318,635,882,28623,2160,2688,7001,1660,146134,57959,40.5
E07000209,Guildford,South East,73876,8478,11683,39744,9869,73876,7096,6356,5615,5689,2319,1321,1259,591,30814,8714,30814,92,1617,1264,167,359,25794,1846,1187,5886,748,73876,30814,44.2
W06000002,Gwynedd,Wales,65575,5463,11557,28757,6040,65575,7194,3807,5649,6019,3147,1777,1603,1942,12259,8421,12259,24,198,1266,125,135,29336,2268,532,5292,385,65575,12259,23.7
E09000012,Hackney,London,124838,14022,25452,76457,18379,124838,13715,16334,15674,5068,843,319,370,724,66844,14420,66844,10239,4991,13995,962,672,11646,851,10011,12698,1401,124838,66844,49.8
E06000006,Halton,North West,69772,4613,11055,37863,5175,69772,7083,9500,8189,7133,2431,1118,329,605,14548,7770,14548,26,470,1916,492,232,31780,3231,1182,4296,534,69772,14548,24.8
E07000164,Hambleton,North East,47286,4721,8795,23371,6517,47286,5507,2039,3020,6197,3045,1802,1491,917,13303,6083,13303,18,171,188,82,97,22912,1349,640,4192,451,47286,13303,30.6
E09000013,Hammersmith and Fulham,London,85064,9497,13108,56608,18880,85064,9057,11105,12067,3567,553,230,213,511,51319,9471,51319,11578,2376,7504,595,994,7781,514,4915,9439,1078,85064,51319,52.3
E07000131,Harborough,East Midlands,48854,5206,9101,27964,6500,48854,4361,2408,4890,7269,3412,1154,803,788,17474,6212,17474,21,269,405,74,102,25108,1372,535,3057,354,48854,17474,35.8
E09000014,Haringey,London,129857,16523,26943,74963,15952,129857,8994,11812,21803,11498,1642,481,425,923,55767,21036,55767,21629,5273,15341,626,1107,18436,1457,5226,7920,1599,129857,55767,41.5
E07000073,Harlow,East of England,47347,4390,8493,28620,4478,47347,6444,8138,3505,4564,2928,1687,381,279,9631,8426,9631,753,979,1108,548,262,24427,2508,985,4245,535,47347,9631,20.9
E07000165,Harrogate,Yorkshire and The Humber,82982,8848,15522,44623,10692,82982,11092,8891,5610,8137,4021,1741,922,1210,28233,9828,28233,38,503,1383,222,237,36036,2684,1190,8490,669,82982,28233,35.4
E09000015,Harrow,London,136166,13761,22778,73682,14816,136166,8875,12883,13939,16161,3727,848,663,1140,45175,21626,45175,15605,4721,8673,516,590,37918,3223,915,6146,1555,136166,45175,36.1
E07000089,Hart,South East,48963,5296,8436,29759,6954,48963,3618,3261,5885,4723,1694,939,1139,501,22579,6106,22579,46,665,227,68,187,21942,1194,589,2535,413,48963,22579,44.8
E06000001,Hartlepool,North East,54589,3441,8521,22207,3580,54589,5891,7286,3159,5623,1779,575,363,711,6570,5792,6570,33,269,1241,639,73,22448,2276,561,3131,509,54589,6570,17.4
E07000062,Hastings,South East,50096,4740,9470,22762,3926,50096,6476,8006,2744,1450,1552,675,514,801,10943,7738,10943,44,1068,1170,651,294,18992,2184,536,4495,523,50096,10943,26.8
E07000090,Havant,South East,67840,5916,11992,32705,5755,67840,5906,7283,7894,6391,1521,687,623,875,14413,10775,14413,18,624,1555,408,406,31164,2827,1181,3215,557,67840,14413,25.6
E09000016,Havering,London,137271,12636,22574,76496,13075,137271,9023,12603,12030,13443,9816,1670,674,823,41654,23048,41654,8363,8721,6949,739,609,45890,3357,848,6101,1550,137271,41654,33.4
E06000019,Herefordshire,West Midlands,98523,9839,18783,47742,12147,98523,13123,10006,7757,9945,5139,1993,1608,2112,22618,14210,22618,31,271,555,248,404,47936,3640,2569,9391,846,98523,22618,25.6
E07000098,Hertsmere,East of England,55061,6468,9593,29693,7012,55061,4266,3947,5725,6330,2517,449,258,319,21051,7900,21051,1310,1999,1509,269,234,21164,1314,357,2974,585,55061,21051,39.9
E07000037,High Peak,East Midlands,46319,4701,9280,25786,4847,46319,6841,3637,4112,6135,2607,963,580,492,12973,6274,12973,31,756,612,181,123,23176,1536,376,4501,349,46319,12973,29.1
E09000017,Hillingdon,London,163104,14778,25736,87797,14492,163104,11426,17575,20004,15907,6492,1261,677,1193,45193,23077,45193,9362,3714,13357,670,772,55421,3711,1627,7226,1752,163104,45193,31.6
E07000132,Hinckley and Bosworth,East Midlands,57754,5034,10548,34150,6154,57754,5652,5111,6108,9419,2721,1040,701,647,16666,7821,16666,28,168,702,113,189,31401,1948,824,3419,429,57754,16666,29.8
E07000227,Horsham,South East,74611,9144,13681,40356,8986,74611,5713,4658,5170,8890,4201,1708,1564,671,29417,10172,29417,54,1235,624,100,261,32645,2053,702,4474,604,74611,29417,40.8
E09000018,Hounslow,London,149381,15624,24697,84207,14272,149381,11506,19269,20792,14596,2943,904,526,1200,45047,22017,45047,10046,5086,18538,635,1199,40771,3043,4056,8614,1767,149381,45047,32.5
E07000011,Huntingdonshire,East of England,89441,8458,15714,56584,10635,89441,9964,6300,6948,10982,6581,2695,1762,2057,31900,12202,31900,51,1005,1118,314,351,44173,3138,2354,6281,707,89441,31900,34.9
E07000120,Hyndburn,North West,46607,2893,7104,22795,2837,46607,4846,5984,6600,3675,1450,560,360,301,6309,5542,6309,8,223,960,993,148,21212,2150,267,2976,381,46607,6309,17.7
E07000202,Ipswich,East of England,72616,6730,14038,39598,6660,72616,11166,12594,5498,5460,2013,1353,819,1109,16664,10350,16664,34,559,2478,461,451,32133,3843,2141,7573,691,72616,16664,24.9
W06000001,Isle of Anglesey,Wales,39676,2716,6541,16493,3452,39676,3427,2483,3145,3941,2312,1024,506,1138,6573,4653,6573,6,119,463,92,115,17915,1354,279,2005,281,39676,6573,22.5
E06000046,Isle of Wight,South East,82549,7253,14579,30756,5322,82549,10045,5472,8772,8456,810,215,479,782,12922,9957,12922,39,252,2291,83,621,29704,2100,1275,7404,1219,82549,12922,22.3
E06000053,Isles of Scilly,South West,940,134,212,597,171,940,311,32,9,0,0,0,13,216,322,211,322,0,1,7,1,9,282,19,127,309,38,940,322,28.9
E09000019,Islington,London,101619,11025,15871,67481,20593,101619,8926,15366,10635,3395,735,253,219,580,64530,10332,64530,11099,3063,9346,689,620,7871,552,6133,9922,1146,101619,64530,56.1
E09000020,Kensington and Chelsea,London,73935,7610,9995,33155,18680,73935,5634,8557,6076,1674,285,112,163,427,40010,6504,40010,6659,1164,4057,1003,568,5331,487,2377,6820,962,73935,40010,57.6
E07000146,King's Lynn and West Norfolk,East of England,85102,7291,14231,38895,8803,85102,8613,7801,6107,9400,4454,2300,2292,1951,14162,12143,14162,49,569,804,171,341,41529,3353,2455,5082,707,85102,14162,20.5
E06000010,Kingston upon Hull,Yorkshire and The Humber,149222,9459,25233,73103,9994,149222,17927,32635,21377,6446,2763,1549,1470,1901,15534,16187,15534,41,414,8903,1497,969,61237,9104,8169,10676,1245,149222,15534,13.2
E09000021,Kingston upon Thames,London,83915,9292,14343,49806,10707,83915,7951,8660,7750,7869,1543,435,272,479,39251,9938,39251,1457,4946,5519,228,705,21101,1396,2379,6364,802,83915,39251,46.6
E08000034,Kirklees,Yorkshire and The Humber,243131,18857,41776,112439,17012,243131,22942,29011,25937,23816,6373,2295,1245,1650,49908,26909,49908,101,2095,6960,3403,604,101008,9250,1378,13453,1923,243131,49908,26.3
E08000011,Knowsley,North West,85027,5416,14661,44340,5075,85027,7623,9779,13422,9465,1206,603,556,710,14880,11250,14880,51,1758,4655,1340,168,35442,4322,1188,4880,811,85027,14880,21.4
E09000022,Lambeth,London,134835,16700,25925,112911,27282,134835,10256,20798,27500,8821,1298,542,479,1032,91770,20323,91770,18743,8531,21125,809,1464,16994,1013,9711,10713,1945,134835,91770,50.2
E07000121,Lancaster,North West,80533,7586,13750,34451,6613,80533,10066,9487,7808,3502,2570,2309,741,1290,15430,9198,15430,39,458,2094,304,309,31607,3061,1692,6769,638,80533,15430,24.7
E08000035,Leeds,Yorkshire and The Humber,437891,35882,73020,231990,33172,437891,37863,53123,54340,35846,9256,2959,2279,4622,126585,47191,126585,249,3950,27152,5362,913,156227,15050,5190,29819,3567,437891,126585,33.8
E06000016,Leicester,East Midlands,213637,16608,36736,92168,9422,213637,29065,36598,18539,9819,5286,3555,1818,2399,29530,18325,29530,145,755,10782,2876,469,67246,13734,5470,21589,2338,213637,29530,19.1
E07000063,Lewes,South East,55398,5929,9920,23936,4722,55398,4403,2684,4137,6689,1654,628,519,724,15713,7354,15713,37,1028,2038,99,235,19656,1322,603,3350,426,55398,15713,35.3
E09000023,Lewisham,London,144841,16083,28089,94030,17510,144841,9586,15739,22627,14511,1324,695,436,963,69977,19854,69977,10775,14407,17148,628,1011,24709,1529,5569,8146,1813,144841,69977,44.9
E07000194,Lichfield,West Midlands,55963,5262,9415,29257,6538,55963,4229,3547,5927,7713,3723,974,611,606,15959,7181,15959,28,514,492,129,158,27712,1822,515,2730,413,55963,15959,31.6
E07000138,Lincoln,East Midlands,57095,5591,9417,27478,4232,57095,9136,8837,4552,1924,3385,605,949,1167,9451,6712,9451,13,210,1727,459,249,21936,3203,2053,6877,541,57095,9451,20.2
E08000012,Liverpool,North West,280338,21722,43205,125475,15348,280338,24023,38963,35699,15132,4026,1052,2374,2391,53721,28372,53721,538,5138,22387,3607,592,81901,10160,4862,20234,2609,280338,53721,26.1
E06000032,Luton,East of England,126541,10454,20566,59062,8639,126541,13850,15685,8685,8561,5530,2184,3598,1079,21199,18350,21199,334,2509,6718,1816,264,47641,6719,1103,8955,1463,126541,21199,21.5
E07000110,Maidstone,South East,89373,8741,15525,50706,11437,89373,8336,9418,7898,8894,4094,1949,2739,959,26842,15280,26842,108,2239,1583,259,308,43325,3414,800,6631,897,89373,26842,31.1
E07000074,Maldon,East of England,34952,4057,6042,16921,4236,34952,2888,1394,2222,4645,2147,628,1005,590,9789,5949,9789,55,638,244,57,111,16866,998,292,1898,309,34952,9789,31.3
E07000235,Malvern Hills,West Midlands,43686,4397,7757,19218,4428,43686,3592,2833,3424,4239,1914,890,664,535,12483,5226,12483,15,276,171,38,149,18650,1103,426,2184,307,43686,12483,34.9
E08000003,Manchester,North West,317655,25672,48753,142505,17353,317655,28238,39156,35535,17342,3211,1758,2232,3140,73964,29711,73964,6152,2848,23669,3654,462,82379,8217,7305,22647,2986,317655,73964,31.6
E07000174,Mansfield,East Midlands,59115,4360,10413,31414,5180,59115,6094,9631,8096,6410,2429,851,476,695,8757,7928,8757,30,203,1827,607,236,31438,3841,594,3332,504,59115,8757,17.0
E06000035,Medway,South East,147167,12782,24090,79935,15802,147167,13333,16797,12668,13080,5844,3682,5450,1541,34466,25745,34466,313,5339,3090,815,807,69504,6301,942,9519,1510,147167,34466,26.0
E07000133,Melton,East Midlands,26287,2750,4973,14288,3453,26287,3886,1805,1854,3012,2310,805,496,398,7261,3638,7261,5,120,203,45,93,13863,912,420,2349,194,26287,7261,28.5
E07000187,Mendip,South West,60418,7295,12210,28981,7182,60418,7574,3792,5108,6876,3387,1514,625,700,17105,8990,17105,30,125,530,110,229,28823,1918,769,5489,542,60418,17105,30.7
W06000024,Merthyr Tydfil,Wales,33204,1832,5211,16279,2313,33204,3903,3968,2399,3001,1986,999,241,348,4666,4121,4666,11,278,744,327,46,15547,2040,81,1682,215,33204,4666,18.2
E09000024,Merton,London,103124,11570,18726,66670,15099,103124,7964,12008,12582,11940,1292,464,317,667,48419,16412,48419,12159,5293,9251,385,1152,22618,1630,3237,6683,1238,103124,48419,43.2
E07000042,Mid Devon,South West,42570,4586,8779,21569,5348,42570,5134,2006,3487,5767,3241,792,853,642,11963,6397,11963,10,139,579,64,194,21306,1558,476,3605,388,42570,11963,29.7
E07000203,Mid Suffolk,East of England,52675,5744,9965,27543,6771,52675,3598,2860,4750,7171,4185,1696,1162,853,15527,8222,15527,28,445,171,65,216,28416,1464,757,2495,442,52675,15527,31.0
E07000228,Mid Sussex,South East,75994,8973,14525,43860,9214,75994,8554,5552,5813,8483,3142,1032,1920,809,31314,9953,31314,70,2549,623,188,281,32221,2164,627,5959,576,75994,31314,40.9
E06000002,Middlesbrough,North East,87490,5683,13341,32556,4854,87490,7933,13055,9102,3755,1427,833,676,1069,9478,9106,9478,28,469,2264,2050,99,30745,4060,1121,5129,993,87490,9478,16.8
E06000042,Milton Keynes,South East,143682,12397,24189,92935,13857,143682,12543,22581,21221,6978,4506,1457,1820,3438,52198,16637,52198,228,1915,4533,2856,448,62713,6985,2809,7288,1406,143682,52198,36.4
E07000210,Mole Valley,South East,45044,5437,7692,23132,6080,45044,3178,2606,3618,4389,1804,754,273,221,19379,6119,19379,71,1252,292,101,218,16658,1052,450,2480,389,45044,19379,45.8
W06000021,Monmouthshire,Wales,50127,4443,8602,24311,5474,50127,4682,1899,3222,5448,3497,1793,938,931,14708,5712,14708,30,238,202,99,141,22432,1349,333,2964,336,50127,14708,34.3
W06000012,Neath Port Talbot,Wales,83100,4728,12387,36863,5211,83100,6188,6612,9459,10054,3189,953,1209,931,12464,8130,12464,20,445,976,274,250,37320,3079,548,3294,517,83100,12464,21.1
E07000091,New Forest,South East,97083,10149,16599,42621,9333,97083,8646,6763,8965,9347,4553,1382,769,1367,23960,12950,23960,28,448,709,140,405,42845,2761,1794,4767,845,97083,23960,30.4
E07000175,Newark and Sherwood,East Midlands,65842,5734,10882,33327,7171,65842,6915,6285,4528,7895,4713,1671,920,964,14786,8437,14786,33,287,570,161,207,31794,2547,1687,4522,520,65842,14786,25.9
E08000021,Newcastle upon Tyne,North East,175047,14916,26898,72848,10415,175047,14494,23425,18936,8795,2430,596,1110,2172,37529,15591,37529,2337,794,11887,1634,235,48488,5485,2883,12324,1481,175047,37529,30.0
E07000195,Newcastle-under-Lyme,West Midlands,66617,5257,11231,34557,5637,66617,6608,10618,8934,5518,1818,608,816,953,13009,7800,13009,12,219,1043,1099,256,32923,3364,606,3748,404,66617,13009,23.0
E09000025,Newham,London,187591,18670,34028,94325,16422,187591,13109,18566,23513,22586,3134,1211,867,1646,47737,31078,47737,38371,14011,14821,802,1063,28349,2373,3757,9818,2344,187591,47737,29.2
W06000022,Newport,Wales,86803,5764,14887,45562,6576,86803,8188,11848,8800,7255,4570,1489,702,995,20385,8558,20385,22,716,2004,1093,250,37870,4040,969,4784,656,86803,20385,28.0
E07000043,North Devon,South West,53448,5651,10598,23636,5278,53448,8004,4983,4355,5833,1411,498,706,932,10957,7486,10957,16,71,977,119,268,23589,1807,1098,5834,427,53448,10957,24.3
E07000038,North East Derbyshire,East Midlands,55438,4598,10064,26835,5066,55438,3502,4782,8036,7376,2182,765,622,611,11576,7111,11576,37,147,1183,196,201,28298,2008,297,2244,377,55438,11576,24.9
E06000012,North East Lincolnshire,Yorkshire and The Humber,88114,6588,15233,38913,8115,88114,11295,17800,8712,5179,1997,1220,742,1233,9605,11066,9605,19,157,2272,567,359,41180,4040,3423,6360,868,88114,9605,14.0
E07000099,North Hertfordshire,East of England,66049,6904,11953,40500,7801,66049,6942,4815,5147,5435,3240,1928,2229,556,28689,8180,28689,113,2442,457,159,211,27107,2061,875,4567,476,66049,28689,42.7
E07000139,North Kesteven,East Midlands,61182,5354,10529,33773,7236,61182,4736,4960,7709,6687,4813,1446,1255,1542,15406,8338,15406,26,300,517,96,267,32959,2050,1285,3469,517,61182,15406,27.1
E06000013,North Lincolnshire,Yorkshire and The Humber,93457,7082,15120,45246,8775,93457,10651,13554,8429,9924,4503,2521,1411,1256,13277,10697,13277,21,131,1036,233,378,47177,4265,2307,6617,781,93457,13277,17.4
E07000147,North Norfolk,East of England,61321,6006,9703,20901,5048,61321,5157,2148,3720,5574,3321,1897,739,848,10106,8149,10106,36,289,367,106,268,23868,1398,808,3865,545,61321,10106,24.3
E06000061,North Northamptonshire,East Midlands,180670,15223,31446,111942,20244,180670,21942,23847,19142,25585,10935,4402,2569,3301,42162,24970,42162,107,921,2469,1739,604,101925,10782,2905,13596,1645,180670,42162,23.6
E06000024,North Somerset,South West,114026,11232,21733,58675,11062,114026,12386,9580,9107,13035,6532,2206,820,1178,33466,14392,33466,30,801,1782,386,509,51958,3798,1951,7185,833,114026,33466,32.6
E08000022,North Tyneside,North East,111702,7898,20231,60931,8205,111702,9667,15154,15781,10744,1126,496,588,1218,30738,11752,30738,3041,681,4343,791,294,43934,4121,1885,6177,1260,111702,30738,31.6
E07000218,North Warwickshire,West Midlands,33281,2913,5913,19336,3592,33281,2623,2782,4556,5027,2227,736,322,352,8411,4718,8411,9,189,397,117,116,18812,1430,280,1748,246,33281,8411,26.5
E07000134,North West Leicestershire,East Midlands,52744,4760,9170,31766,6265,52744,4923,4986,5269,8516,3455,1329,773,735,14874,7098,14874,18,66,669,165,262,30052,1952,595,2922,385,52744,14874,28.6
E06000057,Northumberland,North East,179790,14253,30161,80360,16003,179790,15804,9758,14851,20726,8955,4064,3356,3755,38430,21078,38430,206,610,3995,586,286,76220,5930,1463,11346,1705,179790,38430,27.3
E07000148,Norwich,East of England,78202,8039,13934,38164,5585,78202,11212,13127,5567,2713,1810,1426,476,1229,19468,8692,19468,58,321,3096,494,570,24555,2753,4044,9611,751,78202,19468,29.6
E06000018,Nottingham,East Midlands,194765,15071,27835,76165,9796,194765,17317,27092,17441,7857,3604,1342,761,2717,32915,17821,32915,2760,810,15217,1496,553,50069,5931,3565,13748,1803,194765,32915,25.5
E07000219,Nuneaton and Bedworth,West Midlands,71083,5095,11966,40460,5593,71083,7434,10113,8664,8173,3943,1078,540,788,14461,7921,14461,20,372,1472,350,253,36655,3592,1096,4352,491,71083,14461,22.9
E07000135,Oadby and Wigston,East Midlands,31756,2593,5446,15716,2234,31756,2713,4057,5103,1491,688,406,357,385,7477,3312,7477,24,95,774,145,96,14012,1042,493,1584,244,31756,7477,28.8
E08000004,Oldham,North West,143882,9088,22246,59308,7564,143882,13138,17675,15256,9876,2317,1169,867,944,20903,16063,20903,2478,466,4566,1876,252,51845,5769,753,7975,1324,143882,20903,21.3
E07000178,Oxford,South East,88714,8857,12717,43899,7853,88714,12938,14198,4222,3184,923,920,581,1357,28427,6578,28427,77,523,6493,417,375,17163,1778,7724,9697,650,88714,28427,38.8
W06000009,Pembrokeshire,Wales,70595,5952,12319,26956,7538,70595,6915,4566,6074,7790,2742,1116,962,1482,12179,8939,12179,30,145,542,200,183,32274,2326,333,4001,553,70595,12179,23.1
E07000122,Pendle,North West,56134,3909,8893,23657,3164,56134,7013,5656,5008,4699,1723,860,549,344,7461,6310,7461,19,174,1151,911,105,22486,2282,335,4296,403,56134,7461,18.8
E06000031,Peterborough,East of England,114705,8768,19404,62866,9930,114705,13340,19954,13349,4409,5347,1817,1788,2265,24747,13953,24747,86,975,3644,2289,421,48971,7145,3823,7664,1203,114705,24747,24.5
E06000026,Plymouth,South West,143677,11999,26127,71595,11297,143677,17167,27786,21082,4302,1004,1036,1761,2696,25656,18531,25656,44,371,7672,1201,1582,61976,6220,2554,12221,1520,143677,25656,21.2
E06000044,Portsmouth,South East,110216,10778,19757,57812,9440,110216,16450,16986,11347,4494,3760,1076,730,1861,24315,16768,24315,63,1894,4968,1291,807,40707,4854,5128,12424,1336,110216,24315,24.9
W06000023,Powys,Wales,71443,6445,13463,31754,10064,71443,8048,3139,4012,6316,4010,2075,2288,2993,18698,10147,18698,20,147,297,87,154,33599,1961,536,5669,557,71443,18698,30.3
E07000123,Preston,North West,81204,6930,14263,40027,5414,81204,9913,13642,7130,5440,2590,928,881,706,16614,8790,16614,31,598,4224,748,235,32080,3899,1156,6403,646,81204,16614,24.9
E06000038,Reading,South East,85358,8681,13984,57921,8277,85358,12647,13238,5772,4577,3044,1098,1475,1228,34950,10836,34950,141,2412,6584,318,349,27914,2905,2361,10088,844,85358,34950,39.3
E09000026,Redbridge,London,168633,16639,28204,81723,15062,168633,9479,12953,16676,20959,4293,1421,704,1265,49406,24471,49406,20627,8539,8172,850,638,40221,2978,1566,6768,1862,168633,49406,34.9
E06000003,Redcar and Cleveland,North East,80910,5232,12768,31940,5681,80910,5697,6555,9153,9990,1906,1002,814,1251,10019,9234,10019,19,556,1592,758,126,33885,3032,632,4096,907,80910,10019,18.0
E07000236,Redditch,West Midlands,44342,3675,7887,27280,3850,44342,5918,9211,3061,4364,2892,528,252,416,9872,6180,9872,17,248,1333,478,134,24498,2477,594,2673,370,44342,9872,23.1
E07000211,Reigate and Banstead,South East,75719,8043,13015,44451,9618,75719,6330,7160,7217,6751,3154,1704,614,400,31589,10208,31589,225,2933,1664,382,396,29864,1940,733,4695,706,75719,31589,42.0
W06000016,Rhondda Cynon Taf,Wales,134262,7846,20990,65567,8986,134262,9001,10601,14476,18360,7519,2379,827,1468,22563,16195,22563,38,1906,2752,246,283,62494,6183,402,5742,781,134262,22563,21.8
E07000124,Ribble Valley,North West,31176,3132,5548,17587,4118,31176,3181,2210,3776,5008,1578,931,636,297,9005,3765,9005,16,151,246,67,85,17171,938,258,2200,249,31176,9005,29.6
E09000027,Richmond upon Thames,London,97713,10880,14990,54047,17648,97713,6171,7734,7975,7543,1127,387,244,467,57322,8595,57322,2897,4319,3929,276,649,17106,962,3888,5386,832,97713,57322,58.8
E07000166,Richmondshire,Yorkshire and The Humber,25097,2660,4618,13002,4399,25097,3485,2570,1907,2774,1217,805,645,819,6700,3757,6700,15,77,196,127,77,13001,906,307,2936,337,25097,6700,27.1
E08000005,Rochdale,North West,129314,8024,19554,59047,7834,129314,12367,15850,15092,10392,3000,1025,695,964,20151,14920,20151,829,804,4612,1936,305,51996,5249,809,6731,1038,129314,20151,21.3
E07000075,Rochford,East of England,45003,4810,7651,23225,4972,45003,2488,3762,5723,2767,1279,838,1597,435,14659,7110,14659,60,1877,565,116,166,19583,1200,278,1752,405,45003,14659,36.1
E07000125,Rossendale,North West,37757,2925,6446,20294,3451,37757,3369,3256,4053,6006,2214,600,266,316,8036,4997,8036,18,68,1026,256,119,19570,1507,153,2060,303,37757,8036,24.3
E07000064,Rother,Yorkshire and The Humber,55176,5203,8422,19656,4653,55176,3600,2554,4167,4291,1573,743,612,838,12306,7250,12306,31,872,332,131,200,19187,1311,345,2800,417,55176,12306,32.4
E08000018,Rotherham,Yorkshire and The Humber,148004,9993,25040,71465,11305,148004,10991,16097,20778,17958,3297,1308,1414,1457,24750,19755,24750,196,481,4959,1084,402,70478,6792,893,6618,1148,148004,24750,21.0
E07000220,Rugby,West Midlands,56257,4994,9547,36959,6606,56257,6483,8730,6531,6426,2808,1333,856,888,17792,6258,17792,37,441,1109,266,189,29803,2994,1111,3913,454,56257,17792,30.6
E07000212,Runnymede,South East,45622,5215,7107,24677,5458,45622,3899,4465,4682,4074,1439,721,220,375,16530,6051,16530,122,1142,492,183,230,18611,1267,705,2759,417,45622,16530,38.9
E07000176,Rushcliffe,East Midlands,62099,5799,10725,33528,6924,62099,3431,4782,6597,6558,2399,945,480,869,24680,6235,24680,123,170,1574,128,123,24538,1395,1041,2786,420,62099,24680,43.3
E07000092,Rushmoor,South East,46741,4560,8689,34125,5641,46741,6472,7275,5801,5362,2188,910,1253,671,15301,7777,15301,47,1217,1526,155,293,26669,2514,903,3835,558,46741,15301,28.9
E06000017,Rutland,East Midlands,22266,2177,3548,10061,2997,22266,2718,818,1582,2008,1210,657,403,412,6404,2572,6404,8,99,70,35,59,9037,516,368,2004,184,22266,6404,34.1
E07000167,Ryedale,Yorkshire and The Humber,28746,3093,5393,13478,3997,28746,3480,1556,1767,3407,2016,962,650,547,7609,3967,7609,12,89,175,45,93,13642,843,543,2630,281,28746,7609,29.3
E08000006,Salford,North West,142317,11306,23988,81921,10391,142317,16966,20115,17005,12484,2598,1092,1011,1319,39039,15975,39039,2028,1277,8417,1839,383,52459,5037,2750,13107,1269,142317,39039,30.6
E08000028,Sandwell,West Midlands,200760,12726,29568,87725,11053,200760,15744,28398,27685,13427,2812,1519,1461,2009,26347,21669,26347,1401,2593,11938,2306,523,74590,8791,1704,9223,1656,200760,26347,18.7
E07000168,Scarborough,Yorkshire and The Humber,62186,5623,11198,24536,5192,62186,10414,6352,4248,2794,2943,1208,959,1357,8837,7436,8837,23,266,1299,213,264,23934,2449,904,7736,624,62186,8837,19.0
E07000188,Sedgemoor,South West,66196,6263,12027,33555,7302,66196,8623,6970,4611,9340,2894,1503,1212,838,13532,9624,13532,30,204,1483,123,374,33463,2554,1978,4870,538,66196,13532,22.9
E08000014,Sefton,North West,154635,12151,26895,74317,11234,154635,14520,15944,14452,15818,6454,1669,1233,1174,34750,18583,34750,176,3911,4966,1702,419,59614,6145,2626,8920,1367,154635,34750,27.9
E07000169,Selby,Yorkshire and The Humber,45864,4192,8552,27566,5814,45864,4017,2567,3769,7232,4514,1776,957,793,14331,6171,14331,8,342,596,72,190,25137,1661,764,2687,338,45864,14331,31.1
E07000111,Sevenoaks,South East,64130,6623,10192,31035,8532,64130,3639,2946,4496,6575,3556,1860,477,366,23775,8695,23775,161,3063,441,140,303,23224,1522,289,2959,506,64130,23775,42.2
E08000019,Sheffield,Yorkshire and The Humber,314514,25656,54640,142795,18916,314514,26487,42659,40297,18253,4706,2137,2384,2886,69654,32544,69654,2698,1747,17868,2850,615,109419,10550,3530,20612,2464,314514,69654,28.8
E06000051,Shropshire,West Midlands,171183,16243,31647,83886,20647,171183,19254,13148,11755,16975,12384,5287,4854,3947,41525,23294,41525,35,762,1110,731,428,83469,6421,2926,13662,1353,171183,41525,27.2
E06000039,Slough,South East,84799,7492,13480,46355,6373,84799,9229,10683,8247,7376,3085,1419,619,647,19976,12419,19976,587,2323,3147,928,330,34407,3784,1529,5677,1011,84799,19976,27.1
E08000029,Solihull,West Midlands,118301,9825,18037,59863,10214,118301,6991,12004,14712,11189,3590,916,498,1236,35366,11437,35366,69,1563,3673,618,243,47002,3509,1000,4128,768,118301,35366,36.1
E07000246,Somerset West and Taunton,South West,84151,8010,15614,40916,8754,84151,12175,8609,5857,7310,3701,2368,1268,1485,19392,11128,19392,25,229,1019,181,456,37421,2809,2563,8483,715,84151,19392,26.5
E07000012,South Cambridgeshire,East of England,79852,8202,14550,49901,9614,79852,4121,5984,9504,11469,2855,1181,1088,1343,36046,8676,36046,64,685,1604,172,430,33507,2057,3997,3131,573,79852,36046,43.8
E07000039,South Derbyshire,East Midlands,53302,4638,9680,33110,6478,53302,4480,5078,8835,7825,2510,1634,1164,744,14903,6732,14903,25,127,685,312,275,32062,2064,485,2555,411,53302,14903,27.6
E06000025,South Gloucestershire,South West,142812,14192,29592,90398,13430,142812,14084,15483,22949,15231,2614,1205,1273,1464,52349,20958,52349,40,438,4442,276,968,71696,4890,3060,8371,1080,142812,52349,35.5
E07000044,South Hams,South West,48043,5884,9444,20077,5180,48043,3936,2710,3802,5273,2097,1011,516,635,13451,7153,13451,28,137,491,59,299,20416,1183,412,3601,510,48043,13451,33.1
E07000140,South Holland,East Midlands,49888,3790,7951,26644,6849,49888,5767,6530,3940,7114,4003,1255,691,1003,7959,6972,7959,25,138,286,116,198,28900,2723,1484,2997,410,49888,7959,17.6
E07000141,South Kesteven,East Midlands,75210,6832,12955,39658,8748,75210,9925,5534,3580,8680,4921,2751,2018,1622,19428,9733,19428,32,416,567,216,258,36422,2605,1259,6419,572,75210,19428,28.5
E07000031,South Lakeland,North West,54313,6634,10803,26675,6025,54313,7928,3973,3835,6965,2847,1361,729,1012,13692,7795,13692,18,291,462,173,179,25555,1772,963,6460,574,54313,13692,27.3
E07000149,South Norfolk,East of England,74199,7628,14089,37418,8614,74199,4999,4759,8486,9656,4064,2013,1081,1020,21339,10331,21339,32,223,1037,108,329,37209,2046,1322,3404,699,74199,21339,31.5
E07000179,South Oxfordshire,South East,72609,8124,13391,45106,9855,72609,6909,4417,6642,8572,3974,1377,1104,1065,32709,9707,32709,73,897,1168,81,289,31562,2097,1637,5393,568,72609,32709,42.8
E07000126,South Ribble,North West,56324,4603,10088,34628,5392,56324,5530,8161,8779,4762,2213,1139,571,439,15731,7386,15731,15,305,1087,200,210,30627,2245,971,2904,416,56324,15731,28.8
E07000189,South Somerset,South West,91740,8630,16839,45912,9548,91740,12812,7642,7582,10663,4867,1884,1475,1441,20337,12228,20337,38,145,379,143,448,45716,3288,1341,8412,684,91740,20337,25.1
E07000196,South Staffordshire,West Midlands,59773,5183,9920,29642,5954,59773,3067,4091,8380,7734,3064,1069,722,609,14069,7894,14069,54,504,622,171,170,30339,1881,364,2088,437,59773,14069,27.8
E08000023,South Tyneside,North East,85268,5108,13427,38273,5700,85268,7053,10322,11382,6771,1082,227,504,919,14779,9466,14779,2230,585,3360,299,212,31575,2883,1123,4273,1189,85268,14779,23.6
E06000045,Southampton,South East,130694,12460,23005,71148,11615,130694,18254,21608,14393,6150,2259,1511,1193,1857,30282,20720,30282,84,1430,7835,861,787,51655,5945,3605,14255,1493,130694,30282,25.6
E06000033,Southend-on-Sea,East of England,97427,9518,16235,48451,9055,97427,12254,11712,6508,3882,2400,1220,3401,1084,27823,12975,27823,242,4523,2601,390,378,33110,2865,1766,8570,991,97427,27823,33.4
E09000028,Southwark,London,140689,16582,25386,99680,25300,140689,13354,23403,21496,7014,1171,614,524,1163,80842,17367,80842,14000,7054,23288,791,1132,14701,882,9537,12998,1723,140689,80842,48.4
E07000213,Spelthorne,South East,51417,4992,8722,32083,5742,51417,3674,6305,7864,4518,1942,408,221,310,18497,7799,18497,470,1477,1826,144,416,23540,1335,971,2323,543,51417,18497,35.9
E07000240,St Albans,East of England,75296,8037,12552,40974,11308,75296,5835,5168,5784,4886,2777,1984,477,376,38594,6990,38594,243,2464,732,221,189,23272,1478,764,4371,543,75296,38594,53.0
E08000013,St. Helens,North West,100625,6605,15741,52995,7282,100625,8428,13414,12468,11439,3079,1496,378,779,18973,12169,18973,29,951,2931,914,289,47168,4802,966,4823,776,100625,18973,23.0
E07000197,Stafford,West Midlands,71101,6261,12044,39195,8266,71101,7362,7505,6185,8055,4863,1594,1002,1048,19775,8375,19775,26,478,678,252,264,35046,2612,1300,4851,484,71101,19775,30.1
E07000198,Staffordshire Moorlands,West Midlands,50810,4598,8957,25615,5865,50810,4784,2795,6396,8863,2082,987,845,558,10949,6774,10949,13,97,410,131,151,27416,1995,315,3141,415,50810,10949,24.3
E07000243,Stevenage,East of England,44035,4066,8221,29016,4154,44035,5542,7476,2617,4278,1991,1388,1312,307,12876,7673,12876,105,1421,1219,365,199,22141,2220,894,3594,426,44035,12876,28.3
E08000007,Stockport,North West,154967,13170,27032,86908,12697,154967,13182,19955,20186,14211,1993,815,1071,1112,50157,17124,50157,289,2142,5417,745,366,64214,4588,2303,8377,1210,154967,50157,35.9
E06000004,Stockton-on-Tees,North East,110152,7625,18060,52004,8754,110152,9414,14069,16003,9943,2085,1097,1208,1561,18809,12254,18809,45,526,2256,1319,195,50924,4392,1260,5439,1278,110152,18809,21.8
E06000021,Stoke-on-Trent,West Midlands,145789,9224,22985,70790,9581,145789,15678,25099,21545,8558,3706,961,1502,1581,17161,16789,17161,33,452,3679,3933,561,65636,8760,1620,9618,1127,145789,17161,15.2
E07000221,Stratford-on-Avon,West Midlands,68489,7823,12446,36968,8999,68489,6062,3015,5159,9174,4249,2028,1116,918,26151,8364,26151,34,251,371,98,200,31378,1932,809,4521,491,68489,26151,39.5
E07000082,Stroud,South West,61185,7237,12590,33708,6384,61185,5664,5364,6725,6970,2817,1388,666,686,20942,8694,20942,25,176,664,66,290,30820,1960,860,3657,459,61185,20942,35.0
E08000024,Sunderland,North East,157021,9391,25313,73524,8924,157021,13789,20071,19596,14598,2222,1225,532,1408,27418,16292,27418,1066,520,7848,888,305,60684,6697,1499,8803,1423,157021,27418,23.4
E07000214,Surrey Heath,South East,45090,4659,7725,27139,5840,45090,3829,4163,4362,4627,2229,782,764,440,18509,5659,18509,35,681,521,92,190,20502,1308,484,2634,407,45090,18509,40.8
E09000029,Sutton,London,105415,10702,18501,64135,10888,105415,9304,13798,12352,10763,1813,504,364,586,38024,16716,38024,3815,6442,6899,436,952,36070,2412,1561,6484,1129,105415,38024,36.5
E07000113,Swale,South East,82474,6660,12860,40567,9116,82474,8371,6864,5859,9022,3807,1584,1796,1570,17587,12740,17587,73,2200,477,214,387,37930,2990,935,5725,684,82474,17587,25.4
W06000011,Swansea,Wales,137877,10054,22462,59498,8600,137877,11575,17665,17719,8857,1795,1431,1294,1828,25495,12954,25495,53,440,2859,812,334,56355,5259,1101,6984,919,137877,25495,25.3
E06000030,Swindon,South West,115544,9588,20643,77579,10056,115544,13011,22630,15402,4584,3227,1882,2920,2189,36022,16002,36022,64,514,6612,830,559,55279,6049,3289,7517,1131,115544,36022,30.6
E08000008,Tameside,North West,125417,8523,20690,68222,8219,125417,12419,17406,17283,12293,1747,772,801,911,25970,16052,25970,895,1326,5818,1013,336,55422,4889,1199,7739,1047,125417,25970,24.6
E07000199,Tamworth,West Midlands,40489,3248,7059,24114,3737,40489,4736,6865,3197,5210,3039,825,336,458,8238,5254,8238,10,337,794,253,179,22401,2382,739,2533,293,40489,8238,21.6
E07000215,Tandridge,South East,45299,4896,7593,23964,6122,45299,2350,2509,4435,4640,2176,902,398,208,18441,6516,18441,113,1949,610,104,191,17606,1063,192,1920,385,45299,18441,43.3
E07000045,Teignbridge,South West,72666,7295,14271,33592,6979,72666,6660,5689,7532,8666,3248,911,863,892,17497,10178,17497,22,612,1059,121,432,33785,2228,779,5013,590,72666,17497,28.2
E06000020,Telford and Wrekin,West Midlands,100044,7164,15467,54198,8668,100044,9829,15548,12318,6781,4567,1880,1461,1426,20430,11257,20430,41,525,1134,2347,364,48046,5392,1297,5159,762,100044,20430,23.9
E07000076,Tendring,East of England,90008,6940,13218,31130,6993,90008,7984,5310,4931,7129,3780,948,1140,1920,13322,11817,13322,77,1090,642,288,309,33570,2432,1018,4895,638,90008,13322,22.9
E07000093,Test Valley,South East,64631,6591,11983,39188,8102,64631,6595,6064,5424,5365,4178,1761,1158,1279,23856,10182,23856,33,510,570,247,256,31784,2418,1102,4528,562,64631,23856,36.2
E07000083,Tewkesbury,South West,48360,4548,9244,27898,4832,48360,4236,4690,6900,5553,1486,604,743,717,15532,6063,15532,21,79,1034,43,206,24174,1520,1088,2489,336,48360,15532,33.4
E07000114,Thanet,South East,81397,6864,13294,32623,6409,81397,8201,10407,6272,2742,3210,709,781,1728,14408,10731,14408,72,1448,2076,561,362,29473,3166,1194,5787,641,81397,14408,24.3
E07000102,Three Rivers,East of England,46823,5174,8308,27041,6425,46823,2855,4427,4903,4334,2635,747,306,284,19608,6849,19608,1698,1101,491,153,165,19817,1170,403,1948,395,46823,19608,41.8
E06000034,Thurrock,East of England,90052,7878,15103,53072,9895,90052,7684,10781,8784,10527,6274,3334,887,743,21081,15856,21081,1980,6046,2602,555,530,43245,3548,1016,4355,990,90052,21081,24.5
E07000115,Tonbridge and Malling,South East,67775,6872,11657,37086,8811,67775,4803,4826,6659,6854,3207,1725,2098,513,23812,9931,23812,78,2200,603,123,283,30531,1984,564,3712,539,67775,23812,37.0
E06000027,Torbay,South West,80389,6943,14221,32078,5693,80389,11133,8196,8816,3530,1551,1088,526,826,12155,11117,12155,20,340,1971,379,580,31532,3068,702,7442,746,80389,12155,20.6
W06000020,Torfaen,Wales,51621,3040,8044,26129,3445,51621,5084,5442,6022,5481,2180,735,467,548,9051,5645,9051,14,189,896,359,182,25181,2129,199,2184,270,51621,9051,22.3
E07000046,Torridge,South West,38061,3842,7334,14726,4151,38061,3576,2405,2227,5108,1650,593,460,713,7776,5546,7776,7,45,604,68,152,16989,1174,217,2746,273,38061,7776,25.9
E09000030,Tower Hamlets,London,154914,15607,25230,90675,23880,154914,14961,18779,17789,6560,1016,592,685,991,78219,15802,78219,21452,7111,9010,896,787,14106,985,7208,13900,1721,154914,78219,50.3
E08000009,Trafford,North West,123494,10658,20998,68817,11085,123494,9724,14627,15256,9956,2121,864,923,955,45450,11680,45450,2476,520,3068,771,230,46255,3126,2499,6204,959,123494,45450,40.7
E07000116,Tunbridge Wells,South East,59413,6414,10239,31163,8082,59413,5948,5323,4058,4068,1984,1211,1708,512,23633,7454,23633,67,1724,835,130,192,21856,1629,506,4855,473,59413,23633,42.3
E07000077,Uttlesford,East of England,45598,5694,8404,25062,6581,45598,3033,2383,3371,5304,2565,1634,1858,614,18011,6969,18011,125,991,294,89,127,21785,1131,319,2453,415,45598,18011,39.4
W06000014,Vale of Glamorgan,Wales,72024,5646,12592,35437,6240,72024,6402,5552,8301,7103,2537,701,622,766,20395,7536,20395,38,1363,925,222,214,30055,2064,626,3510,506,72024,20395,34.0
E07000180,Vale of White Horse,South East,68049,6631,12180,43896,8157,68049,5900,4917,7513,8118,3734,1191,692,965,29239,8595,29239,41,344,1941,103,344,29825,1988,2313,4229,495,68049,29239,41.3
E08000036,Wakefield,Yorkshire and The Humber,188729,12950,32221,103426,16044,188729,18463,22509,23212,27684,6980,2379,956,1762,36965,23731,36965,58,1555,6240,2150,632,92253,9602,1834,11976,1377,188729,36965,22.5
E08000030,Walsall,West Midlands,165591,10648,25252,71975,10658,165591,13564,19909,20290,16610,3248,1228,1122,1376,22044,19140,22044,270,1101,7237,1532,414,68776,6944,1415,7690,1111,165591,22044,18.6
E09000031,Waltham Forest,London,138054,15075,25668,84719,14909,138054,9939,12834,18624,16894,2100,811,493,996,52765,24917,52765,25097,6810,10142,762,858,27532,1974,4975,7773,1684,138054,52765,37.6
E09000032,Wandsworth,London,137064,15478,23170,115966,35828,137064,11655,18303,23644,9786,1216,557,431,923,107639,16289,107639,16503,7948,13863,821,1747,17724,1041,9146,12338,1671,137064,107639,56.5
E06000007,Warrington,North West,107783,9162,18826,65546,9657,107783,10064,17211,12283,9141,5962,1759,505,952,32647,12667,32647,51,686,2056,764,408,52839,4639,2552,5666,883,107783,32647,31.6
E07000222,Warwick,West Midlands,75705,7788,12597,44328,8035,75705,8293,7646,5711,6553,2743,946,649,971,32535,6702,32535,47,635,896,193,183,28640,2140,1402,5567,510,75705,32535,44.7
E07000103,Watford,East of England,49387,5061,9246,32858,5694,49387,7829,5725,3948,4570,3336,572,323,327,17899,8330,17899,1547,1872,1636,312,258,19958,1620,996,6181,582,49387,17899,33.9
E07000216,Waverley,South East,67507,7740,11152,32672,9158,67507,4903,3832,3886,6282,1955,1039,1640,528,28929,7728,28929,65,1269,450,73,233,23326,1557,579,3743,498,67507,28929,47.6
E07000065,Wealden,South East,85608,10015,15432,39472,9624,85608,5622,4654,6546,9438,4818,1783,1329,1018,26043,13290,26043,49,1255,696,150,253,38611,2319,530,3989,647,85608,26043,34.9
E07000241,Welwyn Hatfield,East of England,61684,6773,10529,34414,6433,61684,6906,5628,5156,6270,2863,1420,451,428,21001,8026,21001,399,2056,1238,615,230,24092,2071,1259,4651,538,61684,21001,36.1
E06000037,West Berkshire,South East,79141,8512,13838,49764,10193,79141,7924,7772,7206,7284,3408,1463,1271,1169,33988,10822,33988,65,918,1217,133,292,35715,2773,1250,5310,651,79141,33988,41.3
E07000047,West Devon,South West,31712,3397,5685,12630,3672,31712,2914,909,2238,2888,1471,1187,933,413,7973,4459,7973,11,56,284,38,126,13172,829,235,2353,307,31712,7973,31.4
E07000127,West Lancashire,North West,63883,5810,10517,31281,5938,63883,6095,5659,6571,8783,3211,927,586,569,13497,7649,13497,31,695,753,835,141,29653,2781,731,3904,525,63883,13497,25.2
E07000142,West Lindsey,East Midlands,53017,4505,8489,23610,5532,53017,4416,2628,4282,5913,3978,1550,1038,876,10950,6505,10950,16,166,287,108,173,24887,1549,563,3063,374,53017,10950,26.0
E06000062,West Northamptonshire,East Midlands,209730,19541,37514,134486,24454,209730,22493,31168,24198,20405,12442,4758,3351,4250,62832,30097,62832,151,1249,7640,1282,722,110576,11275,3308,14950,2009,209730,62832,29.1
E07000181,West Oxfordshire,South East,55311,6256,10579,34764,7327,55311,7316,2897,6157,7387,3571,1028,551,966,20629,8424,20629,42,272,1156,57,263,28364,1849,1432,4394,466,55311,20629,35.0
E07000245,West Suffolk,East of England,90329,8639,15970,53528,11482,90329,13525,8397,6553,10771,9094,2798,2137,1520,21104,13720,21104,67,353,1056,309,404,51600,3729,2073,8080,848,90329,21104,23.5
E09000033,Westminster,London,102494,10669,13969,51876,25228,102494,10299,13785,7140,2497,510,255,239,621,56766,9630,56766,9768,2080,7075,993,569,6703,542,3600,12238,1409,102494,56766,55.8
E08000010,Wigan,North West,174716,12340,29585,98905,13784,174716,17195,21538,22456,20660,8266,2384,649,1495,34432,25540,34432,61,1227,5514,1172,597,89571,8167,1850,10678,1345,174716,34432,22.3
E06000054,Wiltshire,South West,257988,26840,47964,146830,30711,257988,29517,18751,22318,28376,11760,8488,6689,5146,85967,35331,85967,152,1738,3845,468,1103,122462,8743,4445,21174,2244,257988,85967,34.1
E07000094,Winchester,South East,66871,7594,11335,32954,8690,66871,5881,4266,4010,6404,2900,1365,943,1319,26249,7237,26249,61,578,865,106,219,24217,1628,802,5324,524,66871,26249,43.3
E06000040,Windsor and Maidenhead,South East,77194,8051,12021,44700,11530,77194,6537,5780,6473,6790,2373,1393,979,536,36565,8876,36565,206,1862,444,331,247,27949,1948,1006,4969,774,77194,36565,47.9
E08000015,Wirral,North West,180696,13409,29540,84595,11959,180696,14177,21803,23925,14991,4459,1099,1277,1641,37299,18832,37299,332,3643,6123,1290,598,71581,6033,1874,9101,1626,180696,37299,26.7
E07000217,Woking,South East,51201,5531,8792,31711,6708,51201,4636,4882,5336,3845,1439,1387,474,307,23570,6866,23570,108,1951,615,261,247,19735,1563,902,3275,517,51201,23570,44.7
E06000041,Wokingham,South East,88035,9149,14047,55608,10663,88035,5384,7928,8932,6154,2912,1152,1378,673,45352,9602,45352,124,1376,1336,122,264,33381,2121,1157,3578,656,88035,45352,50.7
E08000031,Wolverhampton,West Midlands,152418,9886,22279,69418,9726,152418,13579,22477,16659,10977,6431,1185,1153,1664,21002,16185,21002,1157,1672,6938,2102,342,60083,7188,1718,7890,1218,152418,21002,18.9
E07000237,Worcester,West Midlands,52243,5101,10355,31303,4869,52243,9031,9421,3182,4021,2412,1865,643,634,13607,6810,13607,26,582,1064,290,217,25742,2510,1335,5833,425,52243,13607,26.4
E07000229,Worthing,South East,57781,6050,11417,31338,4752,57781,8719,8269,3114,4363,2227,690,535,679,16767,8196,16767,40,1426,1053,217,306,23647,2019,1763,5821,499,57781,16767,31.3
W06000006,Wrexham,Wales,73312,4839,12429,38453,6084,73312,7398,11045,10181,7854,3131,1285,939,938,11277,7757,11277,14,223,1525,687,238,38061,4361,683,4242,496,73312,11277,18.2
E07000238,Wychavon,West Midlands,68832,6891,12156,36385,8228,68832,6140,5645,6817,7830,4864,1837,1188,793,19207,9339,19207,29,372,510,118,214,35289,2445,863,4080,534,68832,19207,30.2
E07000128,Wyre,North West,64111,5094,10310,27049,5382,64111,5355,6295,6105,5910,2008,514,552,768,12479,7849,12479,227,247,1128,191,198,26895,1989,834,3038,611,64111,12479,26.1
E07000239,Wyre Forest,West Midlands,55818,4465,9833,26608,4883,55818,6084,6223,4170,5399,3833,937,530,496,10559,7560,10559,17,464,364,318,199,27431,2307,546,3254,331,55818,10559,23.1
E06000014,York,Yorkshire and The Humber,106623,12037,20634,54704,8823,106623,14433,17389,7608,3706,2245,2114,1786,1492,34159,11267,34159,53,593,3194,384,526,35183,2826,7001,11480,797,106623,34159,35.5